Location,Rent,Category
Kathmandu,15000,1BHK
Bhaktapur,20000,2BHK
Lalitpur,12000,Studio
Pokhara,18000,1BHK
Chitwan,22000,2BHK
Birgunj,10000,Studio
Butwal,14000,1BHK
Janakpur,25000,2BHK
Dharan,16000,1BHK
Nepalgunj,30000,3BHK
Bharatpur,17000,1BHK
Hetauda,19000,2BHK
Kirtipur,13000,Studio
Dhangadhi,24000,2BHK
Siddharthanagar,21000,1BHK
Biratnagar,28000,3BHK
Ghorahi,15000,1BHK
Bhadrapur,17000,2BHK
Ilam,12000,Studio
Jhapa,22000,3BHK
Dhankuta,14000,1BHK
Mahendranagar,26000,2BHK
Nawalparasi,18000,1BHK
Lalitpur,18000,1BHK
Kathmandu,22000,2BHK
Bhaktapur,12000,Studio
Pokhara,25000,2BHK
Chitwan,15000,1BHK
Birgunj,20000,3BHK
Butwal,18000,1BHK
Janakpur,30000,3BHK
Dharan,20000,2BHK
Nepalgunj,25000,2BHK
Bharatpur,16000,Studio
Hetauda,18000,1BHK
Kirtipur,22000,2BHK
Dhangadhi,17000,Studio
Siddharthanagar,15000,1BHK
Biratnagar,28000,3BHK
Ghorahi,14000,1BHK
Bhadrapur,19000,2BHK
Ilam,12000,Studio
Jhapa,22000,3BHK
Dhankuta,14000,1BHK
Mahendranagar,20000,2BHK
Nawalparasi,18000,1BHK
Lalitpur,21000,1BHK
Kathmandu,18000,Studio
Bhaktapur,20000,2BHK
Pokhara,12000,Studio
Chitwan,25000,3BHK
Birgunj,18000,1BHK
Butwal,22000,2BHK
Janakpur,17000,Studio
Dharan,15000,1BHK
Nepalgunj,18000,Studio
Bharatpur,20000,2BHK
Hetauda,25000,3BHK
Kirtipur,15000,1BHK
Dhangadhi,18000,Studio
Siddharthanagar,22000,2BHK
Biratnagar,17000,Studio
Ghorahi,20000,2BHK
Bhadrapur,18000,1BHK
Ilam,25000,3BHK
Jhapa,15000,1BHK
Dhankuta,22000,2BHK
Mahendranagar,17000,Studio
Nawalparasi,20000,2BHK
Lalitpur,18000,1BHK
Kathmandu,20000,2BHK
Bhaktapur,25000,3BHK
Pokhara,18000,1BHK
Chitwan,22000,2BHK
Birgunj,12000,Studio
Butwal,25000,3BHK
Janakpur,18000,1BHK
Dharan,22000,2BHK
Nepalgunj,12000,Studio
Bharatpur,15000,1BHK
Hetauda,20000,2BHK
Kirtipur,18000,Studio
Dhangadhi,25000,3BHK
Siddharthanagar,17000,1BHK
Biratnagar,20000,2BHK
Ghorahi,22000,2BHK
Kathmandu,20000,2BHK
Bhaktapur,16000,1BHK
Lalitpur,22000,2BHK
Pokhara,12000,Studio
Chitwan,18000,1BHK
Birgunj,25000,2BHK
Butwal,17000,Studio
Janakpur,22000,2BHK
Dharan,15000,1BHK
Nepalgunj,18000,1BHK
Bharatpur,20000,2BHK
Hetauda,25000,3BHK
Kirtipur,18000,1BHK
Dhangadhi,22000,2BHK
Siddharthanagar,20000,2BHK
Biratnagar,18000,1BHK
Ghorahi,25000,2BHK
Bhadrapur,17000,Studio
Ilam,22000,2BHK
Jhapa,15000,1BHK
Dhankuta,18000,1BHK
Mahendranagar,20000,2BHK
Nawalparasi,12000,Studio
Kathmandu,18000,Studio
Bhaktapur,20000,2BHK
Lalitpur,22000,2BHK
Pokhara,15000,1BHK
Chitwan,20000,2BHK
Birgunj,18000,1BHK
Butwal,25000,3BHK
Janakpur,17000,Studio
Dharan,22000,2BHK
Nepalgunj,25000,3BHK
Bharatpur,18000,1BHK
Hetauda,15000,1BHK
Kirtipur,20000,2BHK
Dhangadhi,18000,1BHK
Siddharthanagar,25000,3BHK
Biratnagar,17000,Studio
Ghorahi,20000,2BHK
Bhadrapur,22000,2BHK
Ilam,18000,1BHK
Jhapa,22000,2BHK
Dhankuta,20000,2BHK
Mahendranagar,16000,1BHK
Nawalparasi,22000,2BHK
Kathmandu,17000,1BHK
Bhaktapur,25000,3BHK
Lalitpur,20000,2BHK
Pokhara,18000,1BHK
Chitwan,22000,2BHK
Birgunj,15000,1BHK
Butwal,20000,2BHK
Janakpur,18000,1BHK
Dharan,25000,3BHK
Nepalgunj,22000,2BHK
Bharatpur,17000,Studio
Hetauda,20000,2BHK
Kirtipur,18000,1BHK
Dhangadhi,12000,Studio
Siddharthanagar,22000,2BHK
Biratnagar,20000,2BHK
Kathmandu,18000,1BHK
Bhaktapur,22000,2BHK
Lalitpur,20000,2BHK
Pokhara,17000,Studio
Chitwan,25000,3BHK
Birgunj,18000,1BHK
Butwal,20000,2BHK
Janakpur,12000,Studio
Dharan,22000,2BHK
Nepalgunj,20000,2BHK
Bharatpur,18000,1BHK
Hetauda,25000,3BHK
Kirtipur,20000,2BHK
Dhangadhi,17000,Studio
Siddharthanagar,22000,2BHK
Biratnagar,20000,2BHK
Ghorahi,15000,1BHK
Bhadrapur,22000,2BHK
Ilam,18000,1BHK
Jhapa,20000,2BHK
Dhankuta,25000,3BHK
Mahendranagar,20000,2BHK
Nawalparasi,17000,1BHK
Kathmandu,25000,3BHK
Bhaktapur,20000,2BHK
Lalitpur,15000,1BHK
Pokhara,18000,1BHK
Chitwan,20000,2BHK
Birgunj,22000,2BHK
Butwal,25000,3BHK
Janakpur,18000,1BHK
Dharan,12000,Studio
Nepalgunj,22000,2BHK
Bharatpur,20000,2BHK
Hetauda,17000,Studio
Kirtipur,18000,1BHK
Dhangadhi,20000,2BHK
Siddharthanagar,25000,3BHK
Biratnagar,22000,2BHK
Ghorahi,18000,1BHK
Bhadrapur,20000,2BHK
Ilam,17000,Studio
Jhapa,22000,2BHK
Dhankuta,20000,2BHK
Mahendranagar,15000,1BHK
Nawalparasi,22000,2BHK
Kathmandu,17000,1BHK
Bhaktapur,20000,2BHK
Lalitpur,25000,3BHK
Pokhara,22000,2BHK
Chitwan,18000,1BHK
Birgunj,20000,2BHK
Butwal,17000,Studio
Janakpur,22000,2BHK
Dharan,20000,2BHK
Nepalgunj,15000,1BHK
Bharatpur,18000,1BHK
Hetauda,20000,2BHK
Kirtipur,22000,2BHK
Dhangadhi,25000,3BHK
Siddharthanagar,18000,1BHK
Biratnagar,20000,2BHK
Kathmandu,24000,2BHK
Bhaktapur,18000,1BHK
Lalitpur,20000,2BHK
Pokhara,16000,Studio
Chitwan,25000,3BHK
Birgunj,22000,2BHK
Butwal,18000,1BHK
Janakpur,14000,Studio
Dharan,22000,2BHK
Nepalgunj,20000,2BHK
Bharatpur,18000,1BHK
Hetauda,22000,2BHK
Kirtipur,20000,2BHK
Dhangadhi,16000,Studio
Siddharthanagar,24000,2BHK
Biratnagar,22000,2BHK
Ghorahi,20000,2BHK
Bhadrapur,18000,1BHK
Ilam,25000,3BHK
Jhapa,22000,2BHK
Dhankuta,20000,2BHK
Mahendranagar,14000,Studio
Nawalparasi,22000,2BHK
Kathmandu,20000,2BHK
Bhaktapur,18000,1BHK
Lalitpur,24000,2BHK
Pokhara,20000,2BHK
Chitwan,22000,2BHK
Birgunj,16000,Studio
Butwal,20000,2BHK
Janakpur,22000,2BHK
Dharan,18000,1BHK
Nepalgunj,25000,3BHK
Bharatpur,20000,2BHK
Hetauda,16000,Studio
Kirtipur,22000,2BHK
Dhangadhi,20000,2BHK
Siddharthanagar,18000,1BHK
Biratnagar,22000,2BHK
Ghorahi,24000,2BHK
Bhadrapur,20000,2BHK
Ilam,18000,1BHK
Jhapa,22000,2BHK
Dhankuta,20000,2BHK
Mahendranagar,16000,Studio
Nawalparasi,22000,2BHK
Kathmandu,18000,1BHK
Bhaktapur,24000,2BHK
Lalitpur,20000,2BHK
Pokhara,18000,1BHK
Chitwan,22000,2BHK
Birgunj,20000,2BHK
Butwal,14000,Studio
Janakpur,22000,2BHK
Dharan,18000,1BHK
Nepalgunj,24000,2BHK
Bharatpur,22000,2BHK
Hetauda,16000,Studio
Kirtipur,20000,2BHK
Dhangadhi,18000,1BHK
Siddharthanagar,22000,2BHK
Biratnagar,20000,2BHK
Ghorahi,25000,3BHK
Kathmandu,18000,1BHK
Bhaktapur,22000,2BHK
Lalitpur,20000,2BHK
Pokhara,16000,Studio
Chitwan,25000,3BHK
Birgunj,18000,1BHK
Butwal,20000,2BHK
Janakpur,14000,Studio
Dharan,22000,2BHK
Nepalgunj,24000,2BHK
Bharatpur,18000,1BHK
Hetauda,20000,2BHK
Kirtipur,22000,2BHK
Dhangadhi,16000,Studio
Siddharthanagar,24000,2BHK
Biratnagar,20000,2BHK
Ghorahi,22000,2BHK
Bhadrapur,18000,1BHK
Ilam,25000,3BHK
Jhapa,22000,2BHK
Dhankuta,20000,2BHK
Mahendranagar,14000,Studio
Nawalparasi,20000,2BHK
Kathmandu,22000,2BHK
Bhaktapur,18000,1BHK
Lalitpur,24000,2BHK
Pokhara,20000,2BHK
Chitwan,22000,2BHK
Birgunj,16000,Studio
Butwal,20000,2BHK
Janakpur,22000,2BHK
Dharan,18000,1BHK
Nepalgunj,24000,2BHK
Bharatpur,20000,2BHK
Hetauda,16000,Studio
Kirtipur,22000,2BHK
Dhangadhi,20000,2BHK
Siddharthanagar,18000,1BHK
Biratnagar,22000,2BHK
Ghorahi,24000,2BHK
Bhadrapur,20000,2BHK
Ilam,18000,1BHK
Jhapa,22000,2BHK
Dhankuta,20000,2BHK
Mahendranagar,16000,Studio
Nawalparasi,22000,2BHK
Kathmandu,20000,2BHK
Bhaktapur,22000,2BHK
Lalitpur,18000,1BHK
Pokhara,20000,2BHK
Chitwan,22000,2BHK
Birgunj,20000,2BHK
Butwal,14000,Studio
Janakpur,22000,2BHK
Dharan,18000,1BHK
Nepalgunj,24000,2BHK
Bharatpur,22000,2BHK
Hetauda,16000,Studio
Kirtipur,20000,2BHK
Dhangadhi,18000,1BHK
Siddharthanagar,22000,2BHK
Biratnagar,20000,2BHK
Ghorahi,25000,3BHK
Chitwan,25000,3BHK
Birgunj,18000,1BHK
Butwal,20000,2BHK
Janakpur,14000,Studio
Dharan,22000,2BHK
Nepalgunj,24000,2BHK
Bharatpur,18000,1BHK
Hetauda,20000,2BHK
Kirtipur,22000,2BHK
Dhangadhi,16000,Studio
Siddharthanagar,24000,2BHK
Biratnagar,20000,2BHK
Ghorahi,22000,2BHK
Bhadrapur,18000,1BHK
Ilam,25000,3BHK
Jhapa,22000,2BHK
Dhankuta,20000,2BHK